"","SPX","NKY","KOSPI","HSI","TWSE","UKX","AS51"
"2021-12-09",0.000128624615871682,0.000112342485920219,0.000167408252368384,0.000167706839410563,6.40727657802383e-05,0.000129172017845267,3.72478376481603e-05
"2021-12-10",0.000122055433523564,0.000107634992544887,0.000156194718621967,0.000159409335752959,6.1369313189024e-05,0.000117995706556627,3.5030124671795e-05
"2021-12-13",0.000117308084201066,9.95593614626567e-05,0.000147787552227718,0.000151634394688602,6.02789420834502e-05,0.000121234328048009,3.27498093183782e-05
"2021-12-14",0.000112534297149503,9.18514275298698e-05,0.000136975275178754,0.000145208246697379,5.96715702696112e-05,0.00011038051768478,3.26314937976038e-05
"2021-12-15",0.00012573409862941,8.63360643828586e-05,0.000127761691107186,0.000138781631550702,5.90520094334484e-05,0.000102332698522264,3.23548015386665e-05
"2021-12-16",0.000119430818719501,0.000101031261335934,0.000118541576930859,0.000131074593715963,5.65857918790383e-05,9.60786156258783e-05,3.88653194051118e-05
"2021-12-17",0.000121936125312425,0.000114418702995757,0.000111975586524293,0.000128757221545173,5.42592840123695e-05,9.14428907066667e-05,3.63444451866868e-05
"2021-12-20",0.000126551129687989,0.000139508325172748,0.000122151402216393,0.000141232095423462,5.27751894231714e-05,8.70195927343245e-05,3.41987751326034e-05
"2021-12-21",0.000142151929172217,0.000187795853851314,0.000119182792782195,0.000146838092025617,5.93986919185029e-05,0.00010087406737209,4.70947756994983e-05
"2021-12-22",0.000141290395502834,0.000173796851966651,0.000111909308522352,0.000136813948976196,5.76558866805972e-05,9.28962955960741e-05,4.59171475618459e-05
"2021-12-23",0.000130765637752003,0.000158511712104015,0.000103944804481555,0.000127419446990529,5.53129416969826e-05,8.52455537428347e-05,4.26279993651152e-05
"2021-12-27",0.000137634371964005,0.000148431780813614,9.69373515685944e-05,0.000119203810202602,5.33599872167487e-05,7.81423878350987e-05,3.99766569192744e-05
"2021-12-28",0.000122544899397475,0.000140133165067006,9.04208408543645e-05,0.000111640850160263,5.19159838300916e-05,7.36270526173877e-05,3.90140125084611e-05
"2021-12-29",0.000109362178484332,0.00012915093477854,8.97839238478027e-05,0.000108004476287194,4.9975342678091e-05,7.16342990562317e-05,6.05460897228024e-05
"2021-12-30",9.83221352439114e-05,0.000120833994073016,8.62185444551123e-05,0.000100924085190491,4.76852290493474e-05,6.58776236093996e-05,5.59281876255382e-05
"2021-12-31",8.90996320222419e-05,0.000110949258407358,8.03983020011699e-05,0.000109154653608583,4.55299156703818e-05,6.09812501946341e-05,5.68243010408403e-05
"2022-01-03",8.31638237497637e-05,0.000102113453117474,7.63651976044294e-05,0.000102911357459221,4.39477031789316e-05,5.62050410419072e-05,5.23396216754508e-05
"2022-01-04",7.48035802928368e-05,0.00011458444480309,7.15855871764473e-05,9.67910404950849e-05,5.16907743530821e-05,6.94798187230434e-05,7.33273532338213e-05
"2022-01-05",0.000107368998171775,0.000105253755684637,7.90456117886208e-05,0.000109694855657898,4.93113676302398e-05,6.66509948852376e-05,6.74837928092343e-05
"2022-01-06",9.70774270214169e-05,0.000139380623346457,7.59156948272167e-05,0.000118256065339968,4.7015740751053e-05,6.16938225891863e-05,0.000104573238114413
"2022-01-07",9.01607596229609e-05,0.000127726331923735,7.96647341259914e-05,0.000131928946099837,5.31543733293127e-05,5.70655067555646e-05,0.000102573407455171
"2022-01-10",8.11245372493898e-05,0.000117208054592304,7.87682724272113e-05,0.00013628204387572,5.14662339752625e-05,5.3301580946368e-05,9.37402765916014e-05
"2022-01-11",8.14350289319139e-05,0.00011208607997966,7.35413566822053e-05,0.000127288807380456,4.96498649432399e-05,5.17815019740442e-05,8.91558744957277e-05
"2022-01-12",7.41678900887911e-05,0.000117563595903299,7.70432305649222e-05,0.000153003208856527,4.74136589624553e-05,5.06936427651096e-05,8.14576632119515e-05
"2022-01-13",8.88322705671067e-05,0.00011682849003909,7.350792978836e-05,0.000142403169637541,4.52316450554045e-05,4.74295861096797e-05,7.5734351816869e-05
"2022-01-14",7.97633760926359e-05,0.000112344428034137,7.47270614511414e-05,0.000133987911530384,4.36805418503949e-05,4.44946373310026e-05,7.1876500043008e-05
"2022-01-18",0.000111254797333054,0.000104078200678207,0.000104571444838612,0.000135969572482368,4.18944306096252e-05,4.14952489649399e-05,6.58424779161265e-05
"2022-01-19",0.000113450905555246,0.000134327386586913,9.74400040880989e-05,0.000132197958177027,4.03860964938745e-05,4.78839947528187e-05,6.21981300367413e-05
"2022-01-20",0.00011817373222265,0.000134814333445987,9.65836946074463e-05,0.000216245630882541,3.88514493692017e-05,4.49567233679934e-05,5.74528832622614e-05
"2022-01-21",0.000149702719158641,0.00012356944468655,9.22193971168399e-05,0.000205567639804454,5.40574019952721e-05,4.84770526462919e-05,8.30965759312207e-05
"2022-01-24",0.000133125883476301,0.000124707008009887,9.150776128502e-05,0.000191958022462004,5.79087110514616e-05,9.42666860023168e-05,7.60679068495534e-05
"2022-01-25",0.000135837458332436,0.000128908403109374,0.000129987368518429,0.000193676217486815,6.82928036331247e-05,8.75456892712448e-05,0.000114466512105392
"2022-01-26",0.000122386990534662,0.000119837185697448,0.000121701797650192,0.000179835563478967,6.47101342966726e-05,0.000108506045769098,0.000104755348343229
"2022-01-27",0.00011270502252534,0.000219268644924676,0.000220979894893325,0.000201160001364881,6.13582815054805e-05,0.000116355917993939,0.000128508958882854
"2022-01-28",0.000157903407477777,0.000223295318519281,0.000225079705025678,0.00019952620025879,5.83910070630894e-05,0.000113406546598631,0.000144102200989506
"2022-01-31",0.000187953428633814,0.000204733011049664,0.000209889324660119,0.000185473895456515,5.74044540983691e-05,0.000110495686508589,0.000132501205127295
"2022-02-01",0.000173765225005972,0.000186796925469417,0.000197502836597965,0.000175904533573808,5.72237313551186e-05,0.000101519049587733,0.000120577659369549
"2022-02-02",0.000164837973375682,0.000183676168541104,0.000183675331198939,0.000164431643474139,5.48209147948835e-05,9.57286447920518e-05,0.000115762009967086
"2022-02-03",0.000207292517210035,0.000183967773196602,0.000184099160243722,0.000153598220277755,5.27354516242504e-05,9.38821108970214e-05,0.000106341045607604
"2022-02-04",0.000184174184630675,0.000198924313585677,0.000219378909796908,0.000278755713973176,5.41111409608706e-05,8.82346759699331e-05,0.000116572700719994
"2022-02-07",0.000164545789662996,0.000184874002169925,0.000203421642424954,0.000257618908660402,5.75699727441328e-05,8.34389303431838e-05,0.000106191250770438
"2022-02-08",0.000152381557007279,0.000167569200412058,0.000188205411314135,0.000245215715934309,5.61528808881325e-05,7.65903669405444e-05,0.000106014348467757
"2022-02-09",0.000160394967205196,0.000158221024821976,0.000176926445398219,0.000248219771422665,5.83810545468531e-05,7.5377472178376e-05,0.000105850043202734
"2022-02-10",0.000173283503403595,0.00014425906762094,0.000165268268126216,0.000229660946814025,5.69254413238398e-05,6.92522703482149e-05,9.65409011387061e-05
"2022-02-11",0.000202003383025492,0.000137476662223973,0.000153706889407033,0.000217056532957868,5.51124497593502e-05,6.61609306567423e-05,8.91692509869065e-05
"2022-02-14",0.000183203690238621,0.000144869761750163,0.000150097819841011,0.000203644755476748,6.14489693422412e-05,7.24713064107188e-05,8.73451213039866e-05
"2022-02-15",0.000188522015662116,0.000134080689630591,0.000142839545445294,0.00019097533033097,5.82984575488301e-05,7.27774158024563e-05,7.98119504010595e-05
"2022-02-16",0.000167547641903565,0.000135579423712276,0.000143645183084857,0.000178963681384577,6.20510079888466e-05,6.85152102252592e-05,7.35635694117421e-05
"2022-02-17",0.000199438949138935,0.000126641822826131,0.000136229033643459,0.000168167016114085,5.90330749941713e-05,6.95905192865663e-05,6.85121256159429e-05
"2022-02-18",0.00018644212839898,0.000119931025280948,0.000132398994392116,0.000161140629047943,5.77464833266562e-05,6.44268704583746e-05,6.29786690717079e-05
"2022-02-22",0.000180668396347325,0.000158439203864237,0.000133908710866674,0.000229484791059369,6.39418865520804e-05,5.93967166098221e-05,6.26859633768523e-05
"2022-02-23",0.000204181161050752,0.00014430270379926,0.000128320836656449,0.000215485781112963,6.59120460131794e-05,5.56804554005918e-05,6.29526318102446e-05
"2022-02-24",0.000199440865838359,0.000140306221701575,0.000148952667424709,0.000240646436140644,8.90429790515088e-05,0.000148082566175264,0.000102920024459254
"2022-02-25",0.000228853028994224,0.000155032443998945,0.000143113698317931,0.000233396429527306,8.41115187694191e-05,0.000189147910371432,9.49872737617769e-05
"2022-02-28",0.000202662832045671,0.000159701127010397,0.000134254436499069,0.000240566998721195,8.54181097251286e-05,0.000172996634630815,8.98970091988836e-05
"2022-03-01",0.00020738798829147,0.000165143503578228,0.00012482792821795,0.000223724081619322,9.5485935534722e-05,0.000182039252607022,8.9718923045703e-05
"2022-03-02",0.000214448533675502,0.000152172543277396,0.000123561654270388,0.000210952870428372,9.15563818975664e-05,0.000186953851658972,9.46514482369434e-05
"2022-03-03",0.000191592124386835,0.000141596232394118,0.000118932645627564,0.000198990424391988,8.656674580611e-05,0.00024664290132369,8.7170913938972e-05
"2022-03-04",0.000178562309972403,0.000146753627462079,0.000113441261818516,0.000209472444409755,8.56287390777527e-05,0.000351576643316337,7.97329824803482e-05
"2022-03-07",0.000264416197147732,0.000178547540338084,0.000126471888939871,0.000278870376435344,0.000124988329753979,0.000323250759758298,7.37983974150084e-05
"2022-03-08",0.000245325873315173,0.000166926704513014,0.000117518480876543,0.000259824945863947,0.000125224196512422,0.000300339572189609,6.75837521486495e-05
"2022-03-09",0.000281002648512074,0.000152071059938278,0.000109268421159367,0.000243214108829214,0.000128724278493926,0.000374847222755587,7.1559284148761e-05
"2022-03-10",0.000248694610830198,0.000180471460340613,0.000107684862702551,0.000225702010839221,0.00013639556027392,0.000358464249017337,6.56214246689363e-05
"2022-03-11",0.000241142182945557,0.000176212195413802,0.000100502179151714,0.000214746312897662,0.000131635371505943,0.000328961808334334,6.12221044533259e-05
"2022-03-14",0.000222624383024653,0.000164457106136105,9.45020645474583e-05,0.000381472117478173,0.000124457065145596,0.000307165332366328,7.08327399367667e-05
"2022-03-15",0.00024184801501146,0.000151076937568595,9.15665929371655e-05,0.000610914530499561,0.00013179824677326,0.000277981554193806,6.61477502967006e-05
"2022-03-16",0.000271343140650332,0.000141134497099969,8.83600403789701e-05,0.000952743159722876,0.000124806091066395,0.000258374014793004,6.10897094123597e-05
"2022-03-17",0.000264401347639287,0.000187397341991133,8.41093920345508e-05,0.00117677396393072,0.000137650551907387,0.000239180830336099,5.6782626683097e-05
"2022-03-18",0.000251850839458044,0.000171086972329601,7.83428208700712e-05,0.00108232153745,0.000131837988381611,0.000216472004091036,5.2773760659325e-05
"2022-03-21",0.000222730581201069,0.000157316738554354,8.37900013438776e-05,0.00101001175058433,0.000124288199250549,0.000196387225078691,5.12513145777765e-05
"2022-03-22",0.000209695317530209,0.000160575585092848,8.28229061165462e-05,0.000995321657253256,0.000116858092881757,0.000180649858687153,5.1947492420315e-05
"2022-03-23",0.000199272416734745,0.000211195972358556,7.96973276680032e-05,0.000921939978897442,0.000111276309827922,0.000165947301715858,4.83147642765071e-05
"2022-03-24",0.000194228410977583,0.000204078295548725,7.52137512709889e-05,0.000847699352824429,0.000104884983611689,0.000152775721020459,4.86409512376033e-05
"2022-03-25",0.000176034766236566,0.000186738701187527,7.21237208056638e-05,0.000855940891487488,0.000100596337176805,0.000139224543212983,4.54265724439432e-05
"2022-03-28",0.000161653082363455,0.000178817062061074,6.77057065703976e-05,0.000792616382642804,0.000100646170714376,0.000127005625672415,4.2165257912177e-05
"2022-03-29",0.000161245645966568,0.000167973731607704,6.35330345763574e-05,0.000734510935093711,9.49361621687911e-05,0.00011844428014073,4.10782549674029e-05
"2022-03-30",0.000146228397730683,0.00016932831876566,5.99706576886429e-05,0.000681436271804629,9.19477716209253e-05,0.000108792628018156,3.87019981943739e-05
"2022-03-31",0.000158895787233586,0.000156856176169919,5.86040945595171e-05,0.000630805978357787,8.6779277807942e-05,0.000101677782627766,3.60770463883706e-05
"2022-04-01",0.00014139598085168,0.000143078373870295,5.48601938415496e-05,0.000586122002133615,8.2105987417083e-05,9.67514220130513e-05,3.61693150110848e-05
"2022-04-04",0.000133095361623245,0.000130442373966374,5.31225804780168e-05,0.000565706409964954,7.76806795120246e-05,8.87093669051209e-05,3.38103056814687e-05
"2022-04-05",0.000134296351381536,0.000119412950177079,5.025759784899e-05,0.000521228619668636,7.42936196927256e-05,8.32688251277584e-05,3.17056456034422e-05
"2022-04-06",0.000133081061073637,0.000121850326660178,4.94149689875487e-05,0.000495147667778692,7.07105046570905e-05,7.66686334309838e-05,3.00205885639386e-05
"2022-04-07",0.000119426923218273,0.000130430938787673,5.66216879923024e-05,0.000463498815089351,8.35295231195791e-05,7.07893398834062e-05,2.94443809391324e-05
"2022-04-08",0.000107280618916829,0.000119259237942279,5.30332851649793e-05,0.000427073032445805,8.04669088301473e-05,7.95545911995627e-05,2.81884467105861e-05
"2022-04-11",0.00012876865991579,0.000114483012327706,5.08049778681466e-05,0.000466186932942382,8.86294147792818e-05,7.36145065324442e-05,2.66075894263328e-05
"2022-04-12",0.000117914348336267,0.000115335940940119,4.84524565141567e-05,0.000438293087502566,8.42627360313664e-05,6.75921052509757e-05,2.56547394935826e-05
"2022-04-13",0.000117388151094077,0.000143567204437955,7.58267085411431e-05,0.000405414701326818,0.000103736148202016,6.21464623445377e-05,2.59942822212182e-05
"2022-04-14",0.000120433132888201,0.000138924764179318,7.16101904697204e-05,0.000374326896938052,0.000100344071957719,5.74126153376551e-05,2.54399347858395e-05
"2022-04-18",0.000107635154783669,0.000132230680296518,6.8409978921694e-05,0.000348030886812053,0.0001142542672347,5.54104763096141e-05,2.56845266695748e-05
"2022-04-19",0.000123915307023212,0.00012403210050526,7.07311425589902e-05,0.000363732591251755,0.000109096966311883,5.15628242954056e-05,2.65621343923877e-05
"2022-04-20",0.000110512140592168,0.000114190854382657,6.79994962016814e-05,0.000346373939910956,0.000104808681042942,4.79094051952342e-05,2.61883900493023e-05
"2022-04-21",0.000124496826362286,0.000119816872156006,6.42740829395768e-05,0.000331350388504519,9.87514488114297e-05,4.44966340863057e-05,2.5493860384349e-05
"2022-04-22",0.000207989504178007,0.000116809000202662,6.08550921930106e-05,0.00030707126048949,9.31408444596692e-05,4.80006938342963e-05,3.34669160246997e-05
"2022-04-25",0.000184799950110691,0.000111030083256995,6.1379206083254e-05,0.000331432727834527,0.000102647934514204,5.9571303328015e-05,3.7642838164271e-05
"2022-04-26",0.000250259793500421,0.000103000693526252,5.88589644355516e-05,0.000305891155261659,9.70095419538743e-05,5.6630365696553e-05,7.13007050932656e-05
"2022-04-27",0.000221721154914535,9.48930551799476e-05,5.56684884940183e-05,0.000292661020317213,0.000103086313185493,6.97784554414103e-05,6.57244352524579e-05
"2022-04-28",0.000260707410512173,0.000105759685800561,5.77440597188596e-05,0.000283395697537388,9.87029004627123e-05,7.47575745328381e-05,6.81157977329962e-05
"2022-04-29",0.00036054345661899,0.000107138081976649,5.42334225111207e-05,0.000326992279259071,9.3252183643028e-05,6.8659280525139e-05,6.32558728029684e-05
"2022-05-02",0.00031882874163584,0.000121635205562854,5.91955187347098e-05,0.000330484896840672,9.40738870372717e-05,7.85067167566929e-05,5.84224934606535e-05
"2022-05-03",0.000283588352369322,0.00011244318104569,5.78756148757015e-05,0.000305651075032543,9.27624471537393e-05,7.19686686004248e-05,5.97650295889372e-05
"2022-05-04",0.00034428786343587,0.000103971409544304,5.51257048590842e-05,0.000296854678916286,8.77081753480003e-05,7.57714119298167e-05,5.67261591004564e-05
"2022-05-05",0.000431336704195686,0.000107720924992104,5.84757436433517e-05,0.000293850283975634,8.27636882936813e-05,7.87907870550137e-05,5.22661553586335e-05
"2022-05-06",0.00038887111080164,0.000149466005668174,5.47552557056649e-05,0.000308233409563766,8.02959388321114e-05,7.28905336754054e-05,5.41933718284202e-05
"2022-05-09",0.000472815292514134,0.000178951925005042,5.98826170530433e-05,0.000284609904014112,9.99267136303989e-05,0.000121628983055158,6.22831298631993e-05
"2022-05-10",0.00041660049290887,0.000172384427082757,6.0933749814288e-05,0.000263492153681976,0.000102478577319286,0.000118664648523209,5.76564310518431e-05
"2022-05-11",0.000399651292380393,0.000156672223326365,5.83563103800887e-05,0.00024594379939654,9.75501735773893e-05,0.000124890656709884,5.32606764149418e-05
"2022-05-12",0.000353209827910143,0.000158523044898162,6.68765041327453e-05,0.000247985426851884,0.000121457557182295,0.000118702288485571,6.64028462317809e-05
"2022-05-13",0.000366842394282708,0.000211786712261488,0.000100064560191292,0.000276713696022338,0.00012850690411838,0.000151096423464749,8.91963668056468e-05
"2022-05-16",0.000323829696439269,0.000195889865159047,0.000105757477589207,0.000259909328501821,0.000122516229556925,0.000138533539417789,8.41435929239394e-05
"2022-05-17",0.000326768540542211,0.00018007167255583,0.000105656922032373,0.0003253446715922,0.000122365425906625,0.000134140351769655,7.78728261809927e-05
"2022-05-18",0.000458470165255104,0.000163278737294202,0.000100543032578173,0.000302282368982666,0.00011837595559025,0.000145798360507621,7.18406331107735e-05
"2022-05-19",0.00041397897837641,0.000149186558781857,9.45169606152557e-05,0.000280270135309611,0.000111961666022085,0.000135801904985637,6.58873066449696e-05
"2022-05-20",0.000365124794253546,0.000159467038993879,0.000121848336737302,0.000327743195387925,0.000113108142714935,0.000131953079233288,7.44599795856256e-05
"2022-05-23",0.000359124735214182,0.000153942803152576,0.000113616548621204,0.000310940621464555,0.00010652553446663,0.000152058736357842,6.82187790216651e-05
"2022-05-24",0.000322178668473395,0.000178538657347321,0.00015260338539021,0.000350101103764901,0.000122458292648518,0.000142127662288963,7.43007580842107e-05
"2022-05-25",0.000292122291495661,0.000161933065326243,0.000145346299718742,0.000325147506549861,0.000124358269049255,0.000133521938958826,7.11422281951465e-05
"2022-05-26",0.00030245852106536,0.000152991449246193,0.000137298179437893,0.000304040826670431,0.000125271893807042,0.000122452114156605,7.39875138980245e-05
"2022-05-27",0.000338174052668498,0.000140651848778186,0.00012748841862589,0.00030402145494808,0.000126369100710979,0.000112372009382968,6.79848632841687e-05
"2022-05-31",0.000300184610613369,0.000136027459384301,0.000126038619696101,0.000332541225558839,0.000158997670474461,0.000104363193653243,6.2824849715117e-05
"2022-06-01",0.000273130286315856,0.000136207530856097,0.000117375623508344,0.000306954324730118,0.000152150680107794,0.000100081863262054,6.10173968495608e-05
"2022-06-02",0.000274002738417786,0.000126348975357697,0.000111572257371183,0.00028556152285857,0.000144125487283651,9.14461792547713e-05,5.72003828901138e-05
"2022-06-03",0.000268062107969675,0.000117002139591397,0.000104258448856565,0.000270620655805863,0.000137432105271774,8.73145471594993e-05,5.27110324553726e-05
"2022-06-06",0.00023721201573249,0.000127589187206517,0.000100242744985137,0.000342315698431691,0.000133548944962117,0.000102462550370738,4.91798398190837e-05
"2022-06-07",0.00021953489970628,0.000116948374948322,0.000122805423517522,0.000319101149292187,0.0001304728430166,9.35942714332732e-05,7.59943622344382e-05
"2022-06-08",0.000207110639936981,0.000110194181016606,0.000115650221467911,0.000315860662873823,0.000125084305708247,8.77332218866031e-05,7.01146308361804e-05
"2022-06-09",0.000251972847869575,0.000106039435547964,0.000108621707499477,0.000291690760781246,0.000117599128732059,9.33360418149403e-05,7.24519808162373e-05
"2022-06-10",0.000339840728441383,9.80365868951415e-05,0.000101194341250691,0.000274752290547211,0.000110842977747044,0.000110317020705179,6.8265658958388e-05
"2022-06-13",0.000499221971132259,0.000112464494614067,0.000138408757554572,0.000283018156655928,0.000117020791591315,0.00010977571993559,7.25218313857142e-05
"2022-06-14",0.000445013531706582,0.000104787135569059,0.000136726073532032,0.000282135255161265,0.000120950519358734,0.000105433594795438,0.000105029315817227
"2022-06-15",0.000408115308038789,0.000112222825392046,0.000157492161146585,0.000267968636847558,0.000114406261426494,0.000106522645797103,0.000122671470976833
"2022-06-16",0.000471959099107867,0.00010695763664003,0.000149182229065117,0.000316373141483226,0.000124871338602809,0.000209557241823701,0.000121640933028677
"2022-06-17",0.000415998195890264,9.94138469418717e-05,0.000148818078293512,0.000352919191947958,0.00011739799685951,0.000189979767263408,0.000110907882107042
"2022-06-21",0.000426656615710198,9.79821371820458e-05,0.00015536782249431,0.000357567320422993,0.000111263450217436,0.000196386912022319,0.000102224840347758
"2022-06-22",0.000376219857844103,0.000115103700509874,0.00025965304095571,0.000427133022987923,0.000178892533723036,0.000194070175087384,0.000106034728702354
"2022-06-23",0.000341318962215568,0.00010623684382814,0.000249640160088193,0.000405182023161304,0.000174047686927398,0.000186386018798933,9.76529185130602e-05
"2022-06-24",0.000406610028857993,0.000108756317051738,0.000263932541880288,0.000401558599777395,0.000165071111351786,0.0002093541992154,9.23371577690675e-05
"2022-06-27",0.000358479092867621,0.000100595180371774,0.000244099801251178,0.000374732709055014,0.000155900256841866,0.000189946459451953,8.77171712388787e-05
"2022-06-28",0.000360677088268366,0.000101408340273616,0.000233671103620149,0.000357569469576573,0.000149110410258175,0.000184620564342674,9.29322925008866e-05
"2022-06-29",0.000318813958162034,9.35025190725092e-05,0.000226712328899681,0.000337718767386008,0.000144308026523048,0.000172196090012903,8.53388668910786e-05
"2022-06-30",0.00029099044742887,0.000112184007144856,0.00024078575099731,0.000316554071979193,0.000183220034368145,0.000192334468964888,0.00011810483424945
"2022-07-01",0.000265697339754285,0.000117050493283302,0.000227199722196363,0.000293447792179402,0.00023183056152475,0.000174600898036079,0.000107882250194392
"2022-07-05",0.000235574056751485,0.000121621132313947,0.000220477699132491,0.000274417981469809,0.000218163824019168,0.000209355814781216,0.000104389160334599
"2022-07-06",0.000209815368907225,0.000114553939744693,0.0002286289151143,0.00025903477072973,0.000243386636573026,0.00019572034462704,9.50432134835877e-05
"2022-07-07",0.000210805120495607,0.000112897033610451,0.000228122788091962,0.000240019584880468,0.000260302054739698,0.000190165548187367,8.75447259218792e-05
"2022-07-08",0.000186716235448437,0.000107037351100817,0.000211003586324852,0.000222738965297538,0.000244861960393875,0.000172554188827674,7.99283144940781e-05
"2022-07-11",0.000181160409376466,0.000111454143384208,0.000196436605706522,0.000261306515864367,0.000233584965082736,0.000156561588850886,8.22516351943776e-05
"2022-07-12",0.000174890323068739,0.00011821677427726,0.000185120521328532,0.000250564824340538,0.000255719935735004,0.000144984751345475,7.55182097784615e-05
"2022-07-13",0.000158173525660689,0.000113453550761113,0.000175640435689125,0.000231737582509756,0.000293319684647914,0.000133091731828503,7.08756424261539e-05
"2022-07-14",0.000142347865344599,0.000114303222313378,0.000162623821336481,0.000214660044063728,0.000282237527588837,0.000144574138894362,7.0249230978097e-05
"2022-07-15",0.000163688715727087,0.000116647223245371,0.000154778084536751,0.00022135925103562,0.000271088806313719,0.000151039006482303,6.48393015764033e-05
"2022-07-18",0.00015192546627633,0.000121056332612636,0.000149870960457782,0.00021852880339774,0.000255542336064913,0.00013995730899197,5.98243978941647e-05
"2022-07-19",0.000211836540524318,0.000119523162826733,0.000138962521026612,0.000203433332831348,0.000239183103096815,0.000146536857523988,5.52633458155685e-05
"2022-07-20",0.000193910611073912,0.000124057278822257,0.000130609891165325,0.000189442060706435,0.0002265901141841,0.000145487564228401,5.25286355428539e-05
"2022-07-21",0.000184128028811335,0.000117784982961011,0.000128250367410494,0.00019022957813153,0.000221803139648699,0.000132292205777012,5.25239629599427e-05
"2022-07-22",0.000172300103416522,0.000107999267682989,0.000126814943743221,0.000177208480551357,0.000207792242245349,0.000120647193039961,4.91072069651735e-05
"2022-07-25",0.000152950087949605,0.000100330835039017,0.000121940995801456,0.000164808046667881,0.000194880326070882,0.00011451768865731,4.59500864742991e-05
"2022-07-26",0.000151369173182456,9.38635178646019e-05,0.000113710477074016,0.000168743623221902,0.000188379986501448,0.000104346378705653,4.27038991401321e-05
"2022-07-27",0.000201025361810467,9.2383243922066e-05,0.000107900422492838,0.000158652261126602,0.000183198088618214,0.000103258470114977,4.32955825146225e-05
"2022-07-28",0.000199090842226633,9.26620298451736e-05,0.000100482098902722,0.000164507457030246,0.000177467683380675,9.96541393013712e-05,4.01946301046273e-05
"2022-07-29",0.000201241306188375,8.7799630787071e-05,9.42566268352606e-05,0.000210513076955915,0.000167374124902376,9.53257843762036e-05,4.01660074390073e-05
"2022-08-01",0.000178736132019284,8.15959592110349e-05,9.03036124381591e-05,0.000200642588245422,0.00015845478529815,8.81748849157743e-05,3.76499804030507e-05
"2022-08-02",0.0001638701433677,8.8576587026054e-05,8.49808358343637e-05,0.000220799771127916,0.000162864715578258,8.06710107783642e-05,3.58747876179947e-05
"2022-08-03",0.000168847957961898,8.63508467915381e-05,8.8612007207266e-05,0.000205720440097286,0.000154229946255478,7.85850285924897e-05,3.36276546165358e-05
"2022-08-04",0.000149917517058555,8.0142715456858e-05,8.26708970851915e-05,0.000202431981963285,0.000152105800929317,7.35185952070139e-05,3.53365915969976e-05
"2022-08-05",0.000133711583919369,8.41914655640725e-05,8.1526718257319e-05,0.000188293377741286,0.000172156497999209,6.75588728083827e-05,3.60024860520672e-05
"2022-08-08",0.000119466134967949,8.03774921593673e-05,7.62633563196979e-05,0.000176831354854189,0.000161475675827742,6.55505599104154e-05,3.43089733259177e-05
"2022-08-09",0.000109079162160833,8.2960622044629e-05,7.22051542692343e-05,0.000164734662660912,0.000151805789910107,6.08026693441459e-05,3.2153038392711e-05
"2022-08-10",0.000142250683447207,7.9979231103263e-05,7.21633525909035e-05,0.000178877403983994,0.000144807963879029,5.75057536790562e-05,3.13939197875296e-05
"2022-08-11",0.00012662981804391,8.58720036575143e-05,7.3228657598533e-05,0.000176242995403396,0.0001439649277139,6.63360356283148e-05,2.99356916221902e-05
"2022-08-12",0.000144407395555373,0.000156164863650817,6.93213355350319e-05,0.000168804288943563,0.000137924238883128,6.2488925295377e-05,2.84736286168465e-05
"2022-08-15",0.000130887364984354,0.000144488312659374,6.83177071519762e-05,0.000171263838722756,0.000129867181632502,5.89301284767795e-05,2.76276515884552e-05
"2022-08-16",0.000117010036162887,0.000131743203970618,6.38706002019687e-05,0.00016955661559978,0.00012206354121525,5.50178936186552e-05,2.83207709315686e-05
"2022-08-17",0.000110252634259349,0.000131529954159481,6.42693752170641e-05,0.000157944417758689,0.000115256657341879,5.13075002204892e-05,2.74146776686856e-05
"2022-08-18",9.87705173093662e-05,0.000121928438130393,6.00783884385729e-05,0.000147333823574165,0.000108738988064406,5.01349186481191e-05,2.60404234293683e-05
"2022-08-19",0.000107261985970456,0.000112672086552657,6.10805652887705e-05,0.000137417140419067,0.000102361128614086,4.65137619319597e-05,2.49236810563967e-05
"2022-08-22",0.00015332624184241,0.000103533854106209,6.21452860198017e-05,0.000127897996911619,9.94398792102906e-05,4.3634882294564e-05,2.623299453262e-05
"2022-08-23",0.000138709198288005,9.62130463588854e-05,5.94968434134726e-05,0.000119209754770641,9.45566658973597e-05,4.06093103685204e-05,2.86392083908641e-05
"2022-08-24",0.000123918483136802,9.08612299384057e-05,5.79008768920443e-05,0.000122330160835956,8.92132938841255e-05,3.88185981176546e-05,2.86302885826771e-05
"2022-08-25",0.000131635105641202,8.62130793070497e-05,6.47600721869386e-05,0.000198603626863414,8.89323269412739e-05,3.62727574512349e-05,3.15717457807894e-05
"2022-08-26",0.000235252691457703,8.00890173000165e-05,6.11048921133373e-05,0.00018772776682759,8.39128559378038e-05,4.59100521994983e-05,3.1435258409698e-05
"2022-08-29",0.000218397284756477,8.2388336727103e-05,6.28377130071309e-05,0.00018281372291709,8.93894856896732e-05,5.222136472154e-05,3.21812141041296e-05
"2022-08-30",0.000209866712454869,8.68321113570777e-05,6.67823649714798e-05,0.0001707609210448,8.48513311541727e-05,5.37260497561312e-05,3.08001621441349e-05
"2022-08-31",0.000195245757420656,8.23599784708402e-05,7.81888878518223e-05,0.00016194589079182,9.20448235203352e-05,5.54613054268817e-05,3.05814444698705e-05
"2022-09-01",0.000173339659775538,8.64275139996016e-05,0.000101541496632436,0.00016354341716323,0.000104016932090687,8.07379713739381e-05,5.11570213252807e-05
"2022-09-02",0.000168109068295937,8.02226853306488e-05,9.50960601927842e-05,0.000158427138739468,0.000102943688905921,8.87495075246723e-05,4.91945367974003e-05
"2022-09-06",0.000152461296870491,7.46751488457835e-05,8.85580289224597e-05,0.000157919021119695,9.72043634431733e-05,8.93430044050082e-05,4.54887064107283e-05
"2022-09-07",0.000167998779315425,7.33286571808739e-05,9.60580036259797e-05,0.000151483156477659,0.00010999178250639,8.562401733787e-05,5.79161681360795e-05
"2022-09-08",0.00015524901131099,9.01085409375145e-05,9.01150285007122e-05,0.000167726226789458,0.000106060016385635,8.05906701308324e-05,6.13624824215788e-05
"2022-09-09",0.000165324464865011,8.57850044911416e-05,8.40207591174476e-05,0.000202274385251311,9.99176247293092e-05,8.57910566143087e-05,6.07181770409182e-05
"2022-09-12",0.000162831883774238,8.10403888557546e-05,8.14470876297013e-05,0.000189930591704866,9.9027568071559e-05,9.47546428366119e-05,5.7350150674995e-05
"2022-09-13",0.000347583714124619,7.66708134018808e-05,0.000112531468392522,0.000180056309913686,9.3660442216435e-05,9.89510343690972e-05,5.32136854807883e-05
"2022-09-14",0.000306841876979188,7.47004246250716e-05,0.000104852246847266,0.00016823110531666,8.84700590828434e-05,9.05720608780322e-05,5.45289052076444e-05
"2022-09-15",0.000287853462023647,6.98847144363258e-05,0.000100013306158567,0.000156167767221309,8.35009414607284e-05,8.4554485245047e-05,5.05849839386172e-05
"2022-09-16",0.000261880333431497,6.8589684923971e-05,9.42633165326947e-05,0.000145875324563663,7.9963322431874e-05,7.78910845563779e-05,5.76378611143932e-05
"2022-09-19",0.000234474488091569,6.48638702021406e-05,9.48051204914048e-05,0.000141343487589239,7.88882540432163e-05,7.14279945428681e-05,5.35861140765088e-05
"2022-09-20",0.000220678719167699,6.11678663036663e-05,8.86228876505177e-05,0.00013573803149282,7.72595563361354e-05,7.19725280418775e-05,5.72311271266257e-05
"2022-09-21",0.000230863277372425,6.09748851971017e-05,8.31944842954083e-05,0.000133655571245571,7.43462762694685e-05,7.37595939808346e-05,5.88318989582108e-05
"2022-09-22",0.000217432013637498,5.80352262000973e-05,7.81365365751281e-05,0.000136680730429827,7.19697126357767e-05,6.95649398172756e-05,5.43301861897714e-05
"2022-09-23",0.000229493283688007,5.75978708931461e-05,8.83703115300731e-05,0.000132071932778196,7.21925688897547e-05,9.56100360738648e-05,6.84422355074254e-05
"2022-09-26",0.000221362758253911,8.01450224943096e-05,0.000125176124943132,0.000124369464536647,9.00928872000816e-05,8.7577540675542e-05,7.30669710601544e-05
"2022-09-27",0.000197163768553362,7.83879482576046e-05,0.000116865842520206,0.000116360760098955,8.70845299824479e-05,8.08004253519441e-05,6.81675225656557e-05
"2022-09-28",0.000214059458355231,8.70916258376526e-05,0.000150265914604221,0.000186600812967362,0.000123546448481513,7.47630576826359e-05,6.32778082440911e-05
"2022-09-29",0.000232118968827911,8.11188022820416e-05,0.000143589607367311,0.000196705707448629,0.000116173370150337,0.000118966581404902,6.06086783270311e-05
"2022-09-30",0.000236548521535052,7.66471138604852e-05,0.000134276726534741,0.000203666246641129,0.000109307849683152,0.000111933029747633,5.57271879272459e-05
"2022-10-03",0.000269534054991459,9.1503030349654e-05,0.00012563215015727,0.000189574146790284,0.000104963981765053,0.000106016991156563,5.13519314760927e-05
"2022-10-04",0.000348273466398667,0.000116350096089003,0.000135095206687688,0.000187396294343025,0.000108649680341841,0.000123235133578012,0.000110232246302885
"2022-10-05",0.000307501221453611,0.000113704859557831,0.000130688328702175,0.000317639138742494,0.000105628311921903,0.000118137044610674,0.000108930351374781
"2022-10-06",0.000281530023444799,0.000117310325798072,0.000134467090584784,0.000294430549976865,0.000101975213906369,0.000113495994167065,0.000101458660289957
"2022-10-07",0.000346515761682592,0.000107591515835417,0.000125206549642005,0.000278887215250298,0.000102378311499502,0.000103562167764584,9.32765040813719e-05
"2022-10-10",0.000318303453777333,0.000110889817589945,0.000122867866026132,0.000286717944815949,0.00010102304101732,9.636071153528e-05,8.84811042733494e-05
"2022-10-11",0.000289045980622006,0.000155969145498688,0.00013533676689967,0.000301321045130462,0.000205609521424134,9.5693288154888e-05,8.1481429734877e-05
"2022-10-12",0.000256887292568132,0.000142253955537816,0.000130361921752862,0.000282129699065996,0.000192646249290517,9.36992605115004e-05,7.50589417924459e-05
"2022-10-13",0.000293899305697653,0.000130497180371274,0.000140502148599736,0.00028202862653284,0.000204255819582353,8.65105372391386e-05,6.89549259799652e-05
"2022-10-14",0.000310567372626533,0.000154325683191698,0.000143263226553423,0.000260789322436645,0.00020928754390623,8.30621217995631e-05,6.78039622942638e-05
"2022-10-17",0.000335785215696655,0.000141250270280995,0.000146400115657616,0.000259277112017889,0.000197557147228136,0.000105104652763604,6.27392858172027e-05
"2022-10-18",0.000314040546598593,0.000128959918702338,0.000136012736508084,0.000240273751213646,0.000185503817828647,9.85025787882279e-05,5.90158852638439e-05
"2022-10-19",0.000280460021130698,0.000118026966712024,0.00013158212238251,0.000273874443047111,0.000188344693439408,9.1652309561499e-05,5.47152318650315e-05
"2022-10-20",0.00025630157047479,0.000111274144388589,0.00012489777520462,0.000264758234165995,0.000176563368961822,8.61044280208247e-05,5.53588656560807e-05
"2022-10-21",0.000278889712171121,0.00010313422543952,0.000115982918952584,0.000245518230274394,0.000169144132714122,8.24038846623769e-05,5.63905273957638e-05
"2022-10-24",0.000265484644891957,0.00010243705885051,0.000107758928412423,0.000682884308493133,0.000160289551199153,7.55944294337167e-05,5.40718189640811e-05
"2022-10-25",0.000264757490382144,9.5683660342451e-05,0.000101887233661164,0.000638008120236277,0.00016589917335558,6.94784830149572e-05,4.98653137215832e-05
"2022-10-26",0.00023807609729897,8.8456799025908e-05,9.48369516356323e-05,0.000587762643136801,0.000155656333577479,6.39160290067817e-05,4.70990168529684e-05
"2022-10-27",0.00021610597626727,8.19792814553026e-05,0.000117150025001463,0.00054943575808559,0.000164314933260597,6.21145592701925e-05,4.76612101898318e-05
"2022-10-28",0.000250214116677781,8.02782551553124e-05,0.000112448210242613,0.000594032346796535,0.000159135957505974,5.7320708597507e-05,4.69907080090845e-05
"2022-10-31",0.000225472298118769,7.7812188268177e-05,0.000104738113400205,0.000598300347608858,0.000152044117117446,5.33673006122354e-05,4.37539161308971e-05
"2022-11-01",0.000202384659456791,7.77643272126721e-05,0.000130482975008667,0.000767925691251225,0.000148747914678803,7.60555644508164e-05,7.48112234929441e-05
"2022-11-02",0.000247405361455664,7.2571159256101e-05,0.000121341018447464,0.000767254897254627,0.000140412933070741,7.00882553069924e-05,6.98392705991836e-05
"2022-11-03",0.000237146291436957,8.36692266807353e-05,0.000115885774676505,0.00072735613501016,0.000132028893760046,7.9984334758756e-05,7.0655600139806e-05
"2022-11-04",0.000223234724503013,9.98290798126192e-05,0.000114565220684946,0.000868593890753812,0.000126397308855687,0.000125899164929856,6.59973831277971e-05
"2022-11-07",0.000211179004963538,9.22990876961102e-05,0.000106964383811915,0.000831186916845747,0.000122400635430385,0.000117992469620672,6.0610551284664e-05
"2022-11-08",0.000191277514018324,9.74839213538258e-05,0.000106317871236232,0.0007649042078619,0.000117557960640354,0.000108413949386939,5.62960720093338e-05
"2022-11-09",0.000217726463186422,9.43958679943555e-05,0.000104899209977117,0.000718698287649443,0.000136852282614497,9.95267896151265e-05,5.36356171503148e-05
"2022-11-10",0.000480337630226691,8.72934350559177e-05,9.76927525495618e-05,0.000665977772311367,0.000128791261821924,0.00011899105740508,5.05565151731733e-05
"2022-11-11",0.000443007571560042,8.13002679169693e-05,0.000102172272002479,0.00077470845054119,0.000146556708612628,0.000159708229527834,5.00295233210621e-05
"2022-11-14",0.000396463575870053,8.03974531471234e-05,9.55253699288619e-05,0.000752701465876691,0.000142017594281613,0.000147340860711673,4.6793218064722e-05
"2022-11-15",0.000355895242089465,7.53024358060599e-05,8.98997038872459e-05,0.000836748259285615,0.00018314021113938,0.000134200732869502,4.33546271513269e-05
"2022-11-16",0.00032053528994191,7.04273559801648e-05,8.49476142373832e-05,0.000770919663735842,0.000172695876231552,0.000125851912113984,4.22904264327119e-05
"2022-11-17",0.000285020630213557,6.60140418993368e-05,8.88003890275537e-05,0.000713959087848114,0.000162379406097908,0.000114752858840914,4.09463652127119e-05
"2022-11-18",0.000253873392698889,6.20640504602973e-05,8.28466293611344e-05,0.000657075983539974,0.00015235933484117,0.000107964987381092,3.90879521083602e-05
"2022-11-21",0.00022598787289953,5.87719980182567e-05,8.96458908939444e-05,0.000640938839097372,0.000145056128330721,9.87033126782942e-05,3.77303492156878e-05
"2022-11-22",0.000217557711915604,6.15106760530304e-05,8.52415761921942e-05,0.000601671534516614,0.000140688112816295,0.000101583448942994,3.9023351578093e-05
"2022-11-23",0.000197865721860907,6.30005684915596e-05,7.94225268407574e-05,0.000554051468787706,0.000132173883838787,9.27469611869548e-05,3.65968030535249e-05
"2022-11-25",0.000175369725920813,6.06313155547516e-05,7.71773084601376e-05,0.000510173464389467,0.00013040345377386,8.49378579692081e-05,3.48628637234552e-05
"2022-11-28",0.000183447589318678,5.86773628017818e-05,8.37158375449862e-05,0.000487409157813384,0.000137086444348979,7.78194540738807e-05,3.37679123448722e-05
"2022-11-29",0.00016391731126302,5.57865295633009e-05,9.67063338618121e-05,0.000686800163994706,0.000143908966382628,7.99803031080248e-05,3.64867245602609e-05
"2022-11-30",0.000246029801391516,5.32634170280645e-05,0.000110462952403381,0.000679329393706387,0.000141267201422513,8.03863109637141e-05,3.61048812571113e-05
"2022-12-01",0.000217867219200303,5.35749599702615e-05,0.00010818379133561,0.000627542424206738,0.000132807926780542,8.3863220586629e-05,3.37815042190943e-05
"2022-12-02",0.000193083230847832,6.82045293416806e-05,0.000123690858700522,0.000577571305719189,0.000125095862124265,7.67764450140664e-05,3.3589624594954e-05
"2022-12-05",0.000208139563952167,6.40108994397832e-05,0.000118459882667474,0.000674587517399794,0.000117687636671436,7.05241886774165e-05,3.18362203278573e-05
"2022-12-06",0.00021115711856708,7.24094220727239e-05,0.000111508007461348,0.000625371880433333,0.000122518520331385,6.47916370582969e-05,3.01307023954599e-05
